{
    "av": {
        "v": [
            -0.8276508315593079,
            -1.7099608777716275,
            -3.188167317552668,
            -1.3934287443789164,
            -0.6425369844282729,
            -0.5153670703651024,
            -0.4566278607522089,
            -0.44571002210662747,
            -0.13260129465217746,
            -0.06942262597218761
        ],
        "a": [
            -1.2370095961242116,
            -4.1052230175613635,
            -1.74573559150137,
            -1.4186621615580703,
            -1.1700198417259797,
            -1.1220814035818454,
            -1.0994430313721042,
            -1.0952019021733113,
            -0.9694347976512163,
            -0.9431614291458564
        ],
        "v_threshold": [
            -3.188167317552668,
            -2.4283957347326672,
            -2.0016736732278786,
            -1.703530204130488,
            -1.4741619466275522,
            -1.2877120081133873,
            -1.1306228842678332,
            -0.9948933111503833,
            -0.8754039139523383,
            -0.7686804023680124,
            -0.6722564242287814,
            -0.5843178286627174,
            -0.5034912223746677,
            -0.4287118258656521,
            -0.3591374177035888,
            -0.29409032924479944,
            -0.23301718624422668,
            -0.175460255721669,
            -0.1210366014626782,
            -0.06942262597218761
        ],
        "a_threshold_line": [
            -7.781890341694535,
            -6.642947489990867,
            -6.003265705879873,
            -5.556330889431159,
            -5.212494211148095,
            -4.932994649078259,
            -4.697508696813217,
            -4.494041983181821,
            -4.3149202604556685,
            -4.154935360551248,
            -4.0103900746813945,
            -3.878564882645281,
            -3.7574009860994817,
            -3.6453022171608764,
            -3.5410060357433246,
            -3.443496576190629,
            -3.35194429755262,
            -3.2656630308311687,
            -3.1840787318346178,
            -3.106706308645648
        ],
        "a_threshold_up": [
            10.841512075188149,
            9.91122154414009,
            9.422982463613403,
            9.100417751807289,
            8.864476621507357,
            8.681550477150921,
            8.534266096921694,
            8.412498586581004,
            8.309843606493365,
            8.222000641582826,
            8.145946968749872,
            8.079479953189452,
            8.020946922906827,
            7.969077477573576,
            7.92287497493386,
            7.881543829995197,
            7.8444393495554285,
            7.811032226892188,
            7.780882851398827,
            7.753622356067156
        ],
        "a_threshold_down": [
            -26.405292758577218,
            -23.197116524121824,
            -21.429513875373146,
            -20.213079530669606,
            -19.28946504380355,
            -18.54753977530744,
            -17.929283490548126,
            -17.400582552944645,
            -16.9396841274047,
            -16.531871362685322,
            -16.16672711811266,
            -15.836609718480013,
            -15.53574889510579,
            -15.25968191189533,
            -15.004887046420508,
            -14.768536982376455,
            -14.548327944660668,
            -14.342358288554525,
            -14.149040315068062,
            -13.967034973358453
        ]
    },
    "dvt": {
        "gnd": {
            "ts": [
                1544755800000.0,
                1545103920000.0,
                1545346800000.0,
                1545432660000.0,
                1545519540000.0,
                1545538920000.0,
                1545548400000.0,
                1545550200000.0,
                1545607200000.0,
                1545620040000.0
            ],
            "surfdisp": [
                143.5,
                143.4,
                143.5,
                143.5,
                143.6,
                143.6,
                143.0,
                143.0,
                140.2,
                143.2
            ]
        },
        "interp": {
            "ts": [
                1544755800000.0,
                1544801286000.0,
                1544846772000.0,
                1544892258000.0,
                1544937745000.0,
                1544983231000.0,
                1545028717000.0,
                1545074204000.0,
                1545119690000.0,
                1545165176000.0,
                1545210663000.0,
                1545256149000.0,
                1545301635000.0,
                1545347122000.0,
                1545392608000.0,
                1545438094000.0,
                1545483581000.0,
                1545529067000.0,
                1545574553000.0,
                1545620040000.0
            ],
            "surfdisp": [
                143.50387559111257,
                143.31234320392295,
                143.19134307664348,
                143.130960886991,
                143.12128231268233,
                143.15239303143423,
                143.2143787209636,
                143.29732505898727,
                143.3913177232221,
                143.48644239138486,
                143.57278474119244,
                143.64043045036163,
                143.67946519660927,
                143.67997465765222,
                143.63204451120728,
                143.52576043499133,
                143.35120810672115,
                143.0984732041136,
                142.7576414048855,
                142.31879838675368
            ]
        }
    },
    "vat": {
        "v_n": [
            -0.43707484367539734,
            -0.2936847742519805,
            -0.16912668606068312,
            -0.0634005791015054,
            0.023493546625552586,
            0.09155569112049106,
            0.14078585438330984,
            0.17118403641400914,
            0.18275023721258876,
            0.17548445677904875,
            0.14938669511338926,
            0.10445695221561008,
            0.04069522808571113,
            -0.04189847727630719,
            -0.1433241638704454,
            -0.2635818316967027,
            -0.40267148075508014,
            -0.5605931110455772,
            -0.7373467225681938,
            -0.9329323153229292
        ],
        "a_n": [
            0.290250888828109,
            0.2544800608281928,
            0.21870923282827667,
            0.18293840482836052,
            0.14716757682844434,
            0.11139674882852817,
            0.07562592082861201,
            0.03985509282869584,
            0.004084264828779716,
            -0.03168656317113652,
            -0.06745739117105268,
            -0.10322821917096879,
            -0.138999047170885,
            -0.17476987517080111,
            -0.21054070317071732,
            -0.24631153117063342,
            -0.28208235917054963,
            -0.31785318717046585,
            -0.35362401517038206,
            -0.3893948431702981
        ],
        "ts_n": [
            1544755800000.0,
            1544801286000.0,
            1544846772000.0,
            1544892258000.0,
            1544937745000.0,
            1544983231000.0,
            1545028717000.0,
            1545074204000.0,
            1545119690000.0,
            1545165176000.0,
            1545210663000.0,
            1545256149000.0,
            1545301635000.0,
            1545347122000.0,
            1545392608000.0,
            1545438094000.0,
            1545483581000.0,
            1545529067000.0,
            1545574553000.0,
            1545620040000.0
        ]
    }
}